email,firstname,user
Nickie.Chain@yopmail.com,Nickie,Chain
Vere.Master@yopmail.com,Vere,Master
Penelopa.Apple@yopmail.com,Penelopa,Apple
Dennie.Wifey@yopmail.com,Dennie,Wifey
Laure.Drake@yopmail.com,Laure,Drake
Vere.Master@yopmail.com,Vere,Master
Wynne.Squirt@yopmail.com,Wynne,Squirt
Arlena.Bello@yopmail.com,Arlena,Bello
Fanchon.Pixie Stick@yopmail.com,Fanchon,Pixie Stick
Lonnie.String Bean@yopmail.com,Lonnie,String Bean
Molli.Focker@yopmail.com,Molli,Focker
Carmela.Gams@yopmail.com,Carmela,Gams
Lauryn.Coach@yopmail.com,Lauryn,Coach
Leia.Kit-Kat@yopmail.com,Leia,Kit-Kat
Juliane.Candy@yopmail.com,Juliane,Candy
Darci.Cupcake@yopmail.com,Darci,Cupcake
Eadie.Smoochie@yopmail.com,Eadie,Smoochie
Morganica.Skipper@yopmail.com,Morganica,Skipper
Allyce.Doll@yopmail.com,Allyce,Doll
Margalo.Cindy Lou Who@yopmail.com,Margalo,Cindy Lou Who
Lelah.Homer@yopmail.com,Lelah,Homer
Dulcinea.Catwoman@yopmail.com,Dulcinea,Catwoman
Kathi.Apple@yopmail.com,Kathi,Apple
Gavrielle.Cheesestick@yopmail.com,Gavrielle,Cheesestick
Catrina.DJ@yopmail.com,Catrina,DJ
Dulcinea.Catwoman@yopmail.com,Dulcinea,Catwoman
Cristine.Miss Piggy@yopmail.com,Cristine,Miss Piggy
Cissiee.Boomer@yopmail.com,Cissiee,Boomer
Olivette.Homer@yopmail.com,Olivette,Homer
Flo.Goose@yopmail.com,Flo,Goose
Ardeen.Silly Sally@yopmail.com,Ardeen,Silly Sally
Modestia.Miss Piggy@yopmail.com,Modestia,Miss Piggy
Jolyn.Hot Pepper@yopmail.com,Jolyn,Hot Pepper
Jeanna.Cannoli@yopmail.com,Jeanna,Cannoli
Vere.Amigo@yopmail.com,Vere,Amigo
Alex.Slim@yopmail.com,Alex,Slim
Cyb.Focker@yopmail.com,Cyb,Focker
Leontine.Kit-Kat@yopmail.com,Leontine,Kit-Kat
Annaliese.Mountain@yopmail.com,Annaliese,Mountain
Cyb.Focker@yopmail.com,Cyb,Focker
Hannis.Peep@yopmail.com,Hannis,Peep
Marline.Lovey@yopmail.com,Marline,Lovey
Sharlene.Smoochie@yopmail.com,Sharlene,Smoochie
Sissy.Beef@yopmail.com,Sissy,Beef
Emylee.Beef@yopmail.com,Emylee,Beef
Gale.String Bean@yopmail.com,Gale,String Bean
Clementine.Cindy Lou Who@yopmail.com,Clementine,Cindy Lou Who
Sue.Catwoman@yopmail.com,Sue,Catwoman
Aurelie.Thumper@yopmail.com,Aurelie,Thumper
Mariele.Doobie@yopmail.com,Mariele,Doobie
Susette.Gams@yopmail.com,Susette,Gams
Shannah.Doobie@yopmail.com,Shannah,Doobie
Ardeen.Bubbles@yopmail.com,Ardeen,Bubbles
Ileana.Bellbottoms@yopmail.com,Ileana,Bellbottoms
Orsola.Green Giant@yopmail.com,Orsola,Green Giant
Angela.Beef@yopmail.com,Angela,Beef
Elora.Hot Pepper@yopmail.com,Elora,Hot Pepper
Philis.Focker@yopmail.com,Philis,Focker
Blake.Drake@yopmail.com,Blake,Drake
Melanie.Taco@yopmail.com,Melanie,Taco
Carly.Hot Sauce@yopmail.com,Carly,Hot Sauce
Ursulina.Tough Guy@yopmail.com,Ursulina,Tough Guy
Tressa.Sunny@yopmail.com,Tressa,Sunny
Winny.Bebe@yopmail.com,Winny,Bebe
Brana.Gator@yopmail.com,Brana,Gator
Tomasina.Fun Dip@yopmail.com,Tomasina,Fun Dip
Arlena.Peep@yopmail.com,Arlena,Peep
Emmey.Lefty@yopmail.com,Emmey,Lefty
Ivett.Mini Me@yopmail.com,Ivett,Mini Me
Elbertina.Amour@yopmail.com,Elbertina,Amour
Pierette.Beef@yopmail.com,Pierette,Beef
Dianemarie.Cotton@yopmail.com,Dianemarie,Cotton
Andeee.Tough Guy@yopmail.com,Andeee,Tough Guy
Myrtice.Bubbles@yopmail.com,Myrtice,Bubbles
Emelina.Midge@yopmail.com,Emelina,Midge
Meriel.Cheesestick@yopmail.com,Meriel,Cheesestick
Justinn.Silly Sally@yopmail.com,Justinn,Silly Sally
Shauna.Mustache@yopmail.com,Shauna,Mustache
Nataline.Homer@yopmail.com,Nataline,Homer
Gloria.Green Giant@yopmail.com,Gloria,Green Giant
Marcelline.Sunny@yopmail.com,Marcelline,Sunny
Cassondra.Kit-Kat@yopmail.com,Cassondra,Kit-Kat
Marguerite.Dots@yopmail.com,Marguerite,Dots
Sallie.Skipper@yopmail.com,Sallie,Skipper
Jackie.Chump@yopmail.com,Jackie,Chump
Allyce.Drake@yopmail.com,Allyce,Drake
Philis.Mustache@yopmail.com,Philis,Mustache
Queenie.Fun Dip@yopmail.com,Queenie,Fun Dip
Meg.Elf@yopmail.com,Meg,Elf
Jinny.Amigo@yopmail.com,Jinny,Amigo
Mara.Smoochie@yopmail.com,Mara,Smoochie
Tori.Mountain@yopmail.com,Tori,Mountain
Nadine.Beauty@yopmail.com,Nadine,Beauty
Viviene.Mini Me@yopmail.com,Viviene,Mini Me
Rori.Einstein@yopmail.com,Rori,Einstein
Fayre.Taco@yopmail.com,Fayre,Taco
Britte.Doll@yopmail.com,Britte,Doll
Ernesta.Doofus@yopmail.com,Ernesta,Doofus
Bobbi.Thumper@yopmail.com,Bobbi,Thumper
Harmonia.Sport@yopmail.com,Harmonia,Sport
Mamie.Cumulus@yopmail.com,Mamie,Cumulus
Jackie.Candycane@yopmail.com,Jackie,Candycane
Clarice.Colonel@yopmail.com,Clarice,Colonel
Mahalia.Tyke@yopmail.com,Mahalia,Tyke
Katleen.Doc@yopmail.com,Katleen,Doc
Alyssa.Dolly@yopmail.com,Alyssa,Dolly
Sharlene.Cotton@yopmail.com,Sharlene,Cotton
Sherrie.Fifi@yopmail.com,Sherrie,Fifi
Olwen.Backbone@yopmail.com,Olwen,Backbone
Jsandye.Hammer@yopmail.com,Jsandye,Hammer
Briney.Doll@yopmail.com,Briney,Doll
Dennie.Doc@yopmail.com,Dennie,Doc
Mildrid.Amour@yopmail.com,Mildrid,Amour
Silvana.Bubble Butt@yopmail.com,Silvana,Bubble Butt
Petronia.Dots@yopmail.com,Petronia,Dots
Allyce.Grease@yopmail.com,Allyce,Grease
Danika.Green Giant@yopmail.com,Danika,Green Giant
Laure.Cotton@yopmail.com,Laure,Cotton
Minda.Cotton@yopmail.com,Minda,Cotton
Eve.Focker@yopmail.com,Eve,Focker
Danny.Mountain@yopmail.com,Danny,Mountain
Lila.Taco@yopmail.com,Lila,Taco
Deloria.Bello@yopmail.com,Deloria,Bello
Di.Gams@yopmail.com,Di,Gams
Mamie.Backbone@yopmail.com,Mamie,Backbone
Dotty.Bubbles@yopmail.com,Dotty,Bubbles
Margalo.Mountain@yopmail.com,Margalo,Mountain
Blondelle.Elf@yopmail.com,Blondelle,Elf
Beverley.Drake@yopmail.com,Beverley,Drake
Annice.Cold Front@yopmail.com,Annice,Cold Front
Cacilie.Mustache@yopmail.com,Cacilie,Mustache
Jaime.Einstein@yopmail.com,Jaime,Einstein
Doralynne.Doofus@yopmail.com,Doralynne,Doofus
Felice.Bossy@yopmail.com,Felice,Bossy
Mallory.Drake@yopmail.com,Mallory,Drake
Yetty.Frauline@yopmail.com,Yetty,Frauline
Etta.Cookie Dough@yopmail.com,Etta,Cookie Dough
Suzette.Goose@yopmail.com,Suzette,Goose
Deloria.Miss Piggy@yopmail.com,Deloria,Miss Piggy
Celestyna.Foxy@yopmail.com,Celestyna,Foxy
Fawne.Gator@yopmail.com,Fawne,Gator
Penelopa.Cheesestick@yopmail.com,Penelopa,Cheesestick
Raf.Smarty@yopmail.com,Raf,Smarty
Joleen.Beef@yopmail.com,Joleen,Beef
Ebonee.Cookie@yopmail.com,Ebonee,Cookie
Mamie.Candycane@yopmail.com,Mamie,Candycane
Pamella.Tough Guy@yopmail.com,Pamella,Tough Guy
Vonny.Pretty Lady@yopmail.com,Vonny,Pretty Lady
Emmey.Cindy Lou Who@yopmail.com,Emmey,Cindy Lou Who
Donnie.Tough Guy@yopmail.com,Donnie,Tough Guy
Ana.Doobie@yopmail.com,Ana,Doobie
Lonnie.Amour@yopmail.com,Lonnie,Amour
Genovera.Gams@yopmail.com,Genovera,Gams
Lanae.Baby Carrot@yopmail.com,Lanae,Baby Carrot
Chastity.Fellow@yopmail.com,Chastity,Fellow
Zondra.Bebe@yopmail.com,Zondra,Bebe
Nessie.Goose@yopmail.com,Nessie,Goose
Giustina.Bandit@yopmail.com,Giustina,Bandit
Anica.Candy@yopmail.com,Anica,Candy
Veda.Cookie Dough@yopmail.com,Veda,Cookie Dough
Christy.Donut@yopmail.com,Christy,Donut
Brietta.Boomer@yopmail.com,Brietta,Boomer
Ingrid.Sweet Tea@yopmail.com,Ingrid,Sweet Tea
Allis.Master@yopmail.com,Allis,Master
Hope.Silly Sally@yopmail.com,Hope,Silly Sally
Jennica.Green Giant@yopmail.com,Jennica,Green Giant
Candy.Apple@yopmail.com,Candy,Apple
Jolyn.Sweet Tea@yopmail.com,Jolyn,Sweet Tea
Emelina.Biffle@yopmail.com,Emelina,Biffle
Corly.Mustache@yopmail.com,Corly,Mustache
Felice.Hot Sauce@yopmail.com,Felice,Hot Sauce
Dania.Silly Sally@yopmail.com,Dania,Silly Sally
Catrina.Wifey@yopmail.com,Catrina,Wifey
Hayley.Dragonfly@yopmail.com,Hayley,Dragonfly
Imojean.Catwoman@yopmail.com,Imojean,Catwoman
Fredericka.Cannoli@yopmail.com,Fredericka,Cannoli
Abbie.Bubbles@yopmail.com,Abbie,Bubbles
Nadine.Bubbles@yopmail.com,Nadine,Bubbles
Noelle.Cindy Lou Who@yopmail.com,Noelle,Cindy Lou Who
Jere.Ticklebutt@yopmail.com,Jere,Ticklebutt
Emylee.Peppa Pig@yopmail.com,Emylee,Peppa Pig
Ruthe.Dots@yopmail.com,Ruthe,Dots
Babita.Frauline@yopmail.com,Babita,Frauline
Eve.Apple@yopmail.com,Eve,Apple
Tami.Tough Guy@yopmail.com,Tami,Tough Guy
Hettie.Coach@yopmail.com,Hettie,Coach
Carolina.Frauline@yopmail.com,Carolina,Frauline
Therine.Bandit@yopmail.com,Therine,Bandit
Lizzie.Dolly@yopmail.com,Lizzie,Dolly
Mallory.Doobie@yopmail.com,Mallory,Doobie
Daune.Baby Carrot@yopmail.com,Daune,Baby Carrot
Chere.Ash@yopmail.com,Chere,Ash
Gabi.Ash@yopmail.com,Gabi,Ash
Mallory.Fifi@yopmail.com,Mallory,Fifi
Alisha.Lil Girl@yopmail.com,Alisha,Lil Girl
Marita.Cookie Dough@yopmail.com,Marita,Cookie Dough
Tamqrah.Wifey@yopmail.com,Tamqrah,Wifey
Jinny.Pretty Lady@yopmail.com,Jinny,Pretty Lady
Shauna.Donut@yopmail.com,Shauna,Donut
Kelly.Shrinkwrap@yopmail.com,Kelly,Shrinkwrap
Joy.Catwoman@yopmail.com,Joy,Catwoman
Flory.Kit-Kat@yopmail.com,Flory,Kit-Kat
Heddie.Slim@yopmail.com,Heddie,Slim
Susette.Butter@yopmail.com,Susette,Butter
Sadie.Amorcita@yopmail.com,Sadie,Amorcita
Albertina.Foxy@yopmail.com,Albertina,Foxy
Jolyn.Kit-Kat@yopmail.com,Jolyn,Kit-Kat
Daphne.Taco@yopmail.com,Daphne,Taco
Evita.Frauline@yopmail.com,Evita,Frauline
Sissy.Donut@yopmail.com,Sissy,Donut
Hildegaard.Coach@yopmail.com,Hildegaard,Coach
Janeczka.Foxy@yopmail.com,Janeczka,Foxy
Lesly.Lovey@yopmail.com,Lesly,Lovey
Lita.Bubble Butt@yopmail.com,Lita,Bubble Butt
Andree.Mouse@yopmail.com,Andree,Mouse
Debee.Bambi@yopmail.com,Debee,Bambi
Jobi.Chain@yopmail.com,Jobi,Chain
Brena.Einstein@yopmail.com,Brena,Einstein
Daphne.Bambino@yopmail.com,Daphne,Bambino
Bill.Mini Me@yopmail.com,Bill,Mini Me
Nadine.Mustache@yopmail.com,Nadine,Mustache
Alejandra.Cannoli@yopmail.com,Alejandra,Cannoli
Valeda.Chickie@yopmail.com,Valeda,Chickie
Elise.Hot Sauce@yopmail.com,Elise,Hot Sauce
Gilligan.Amorcita@yopmail.com,Gilligan,Amorcita
Bernardine.Cold Front@yopmail.com,Bernardine,Cold Front
Melina.Sweet Tea@yopmail.com,Melina,Sweet Tea
Jinny.Lil Girl@yopmail.com,Jinny,Lil Girl
Maridel.Cheesestick@yopmail.com,Maridel,Cheesestick
Lorne.Daffodil@yopmail.com,Lorne,Daffodil
Blake.Bubble Butt@yopmail.com,Blake,Bubble Butt
Harmonia.Beauty@yopmail.com,Harmonia,Beauty
Marcelline.Marge@yopmail.com,Marcelline,Marge
Meg.Doll@yopmail.com,Meg,Doll
Brietta.Colonel@yopmail.com,Brietta,Colonel
Melanie.Fifi@yopmail.com,Melanie,Fifi
Evaleen.Mouse@yopmail.com,Evaleen,Mouse
Diena.Ash@yopmail.com,Diena,Ash
Emma.Chickie@yopmail.com,Emma,Chickie
Roxane.Fifi@yopmail.com,Roxane,Fifi
Livvyy.Miss Piggy@yopmail.com,Livvyy,Miss Piggy
Reeba.Bubbles@yopmail.com,Reeba,Bubbles
Yetty.Cotton@yopmail.com,Yetty,Cotton
Layla.Fifi@yopmail.com,Layla,Fifi
Gerrie.Beauty@yopmail.com,Gerrie,Beauty
Robinia.Elf@yopmail.com,Robinia,Elf
Sybille.Cindy Lou Who@yopmail.com,Sybille,Cindy Lou Who
Darlleen.Kit-Kat@yopmail.com,Darlleen,Kit-Kat
Mamie.Green Giant@yopmail.com,Mamie,Green Giant
Sharlene.Loser@yopmail.com,Sharlene,Loser
Fina.Amorcita@yopmail.com,Fina,Amorcita
Fanny.Sport@yopmail.com,Fanny,Sport
Edith.Lefty@yopmail.com,Edith,Lefty
Di.Colonel@yopmail.com,Di,Colonel
Amii.Dragonfly@yopmail.com,Amii,Dragonfly
Myrtice.Biffle@yopmail.com,Myrtice,Biffle
Karolina.Dots@yopmail.com,Karolina,Dots
Stevana.Pixie Stick@yopmail.com,Stevana,Pixie Stick
Theodora.Bambino@yopmail.com,Theodora,Bambino
Jemie.Bubbles@yopmail.com,Jemie,Bubbles
Charlena.Tyke@yopmail.com,Charlena,Tyke
Jolyn.Coach@yopmail.com,Jolyn,Coach
Sheelagh.Herp Derp@yopmail.com,Sheelagh,Herp Derp
Brynna.Doc@yopmail.com,Brynna,Doc
Veda.Music Man@yopmail.com,Veda,Music Man
Bertine.Amigo@yopmail.com,Bertine,Amigo
Jean.Cindy Lou Who@yopmail.com,Jean,Cindy Lou Who
Magdalena.Hot Pepper@yopmail.com,Magdalena,Hot Pepper
Agnese.Hot Sauce@yopmail.com,Agnese,Hot Sauce
Genovera.Focker@yopmail.com,Genovera,Focker
Beverley.Hammer@yopmail.com,Beverley,Hammer
Beverley.Lovey@yopmail.com,Beverley,Lovey
Oralee.Goose@yopmail.com,Oralee,Goose
Sara-Ann.Doll@yopmail.com,Sara-Ann,Doll
Amara.Bossy@yopmail.com,Amara,Bossy
Lila.Biffle@yopmail.com,Lila,Biffle
Brana.Cold Front@yopmail.com,Brana,Cold Front
Paule.Lovey@yopmail.com,Paule,Lovey
Chastity.Mountain@yopmail.com,Chastity,Mountain
Deane.Cotton@yopmail.com,Deane,Cotton
Rozele.Bello@yopmail.com,Rozele,Bello
Fanny.Donut@yopmail.com,Fanny,Donut
Genevra.Beauty@yopmail.com,Genevra,Beauty
Nikki.Drake@yopmail.com,Nikki,Drake
Ellette.Candycane@yopmail.com,Ellette,Candycane
Alleen.Focker@yopmail.com,Alleen,Focker
Zondra.Amore@yopmail.com,Zondra,Amore
Andeee.Dragonfly@yopmail.com,Andeee,Dragonfly
Deane.Bossy@yopmail.com,Deane,Bossy
Sybille.Beef@yopmail.com,Sybille,Beef
Lacie.Beauty@yopmail.com,Lacie,Beauty
Jillayne.Cheesestick@yopmail.com,Jillayne,Cheesestick
Edith.Beef@yopmail.com,Edith,Beef
Tera.Smoochie@yopmail.com,Tera,Smoochie
Pollyanna.Chain@yopmail.com,Pollyanna,Chain
Cherilyn.Boomer@yopmail.com,Cherilyn,Boomer
Daphne.Cheesestick@yopmail.com,Daphne,Cheesestick
Deane.Dummy@yopmail.com,Deane,Dummy
Josephine.Buzz@yopmail.com,Josephine,Buzz
Alleen.Red Velvet@yopmail.com,Alleen,Red Velvet
Esmeralda.Cheesestick@yopmail.com,Esmeralda,Cheesestick
Dominga.Cumulus@yopmail.com,Dominga,Cumulus
Sabina.Pixie Stick@yopmail.com,Sabina,Pixie Stick
Beth.Grease@yopmail.com,Beth,Grease
Shandie.Skipper@yopmail.com,Shandie,Skipper
Wendi.Dots@yopmail.com,Wendi,Dots
Candi.Chickie@yopmail.com,Candi,Chickie
Janenna.Mini Me@yopmail.com,Janenna,Mini Me
Annabela.Cookie Dough@yopmail.com,Annabela,Cookie Dough
Babita.Taco@yopmail.com,Babita,Taco
Joy.Hammer@yopmail.com,Joy,Hammer
Elie.Skipper@yopmail.com,Elie,Skipper
Etta.Bubble Butt@yopmail.com,Etta,Bubble Butt
Edee.Smoochie@yopmail.com,Edee,Smoochie
Kaja.Gator@yopmail.com,Kaja,Gator
Vere.Miss Piggy@yopmail.com,Vere,Miss Piggy
Noelle.Cotton@yopmail.com,Noelle,Cotton
Rosaline.String Bean@yopmail.com,Rosaline,String Bean
Danika.Herp Derp@yopmail.com,Danika,Herp Derp
Gabriellia.Cookie@yopmail.com,Gabriellia,Cookie
Karly.Lil Girl@yopmail.com,Karly,Lil Girl
Albertina.Doobie@yopmail.com,Albertina,Doobie
Elena.Hot Sauce@yopmail.com,Elena,Hot Sauce
Britni.Gator@yopmail.com,Britni,Gator
Magdalena.Chickie@yopmail.com,Magdalena,Chickie
Alie.Herp Derp@yopmail.com,Alie,Herp Derp
Emilia.Amour@yopmail.com,Emilia,Amour
Devina.Bambino@yopmail.com,Devina,Bambino
Bernie.Fun Dip@yopmail.com,Bernie,Fun Dip
Tybie.Squirt@yopmail.com,Tybie,Squirt
Rayna.Beauty@yopmail.com,Rayna,Beauty
Britte.Butter@yopmail.com,Britte,Butter
Carly.Beef@yopmail.com,Carly,Beef
Sonni.DJ@yopmail.com,Sonni,DJ
Collen.Amore@yopmail.com,Collen,Amore
Dione.Beef@yopmail.com,Dione,Beef
Basia.Lil Girl@yopmail.com,Basia,Lil Girl
Therine.Boomer@yopmail.com,Therine,Boomer
Madalyn.Tyke@yopmail.com,Madalyn,Tyke
Deedee.Doofus@yopmail.com,Deedee,Doofus
Kayla.Chain@yopmail.com,Kayla,Chain
Betta.Tough Guy@yopmail.com,Betta,Tough Guy
Ana.Foxy@yopmail.com,Ana,Foxy
Katleen.Dragonfly@yopmail.com,Katleen,Dragonfly
Merle.Doofus@yopmail.com,Merle,Doofus
Kayla.Colonel@yopmail.com,Kayla,Colonel
Mellicent.Dots@yopmail.com,Mellicent,Dots
Miquela.Beef@yopmail.com,Miquela,Beef
Andeee.Candy@yopmail.com,Andeee,Candy
Chandra.Cindy Lou Who@yopmail.com,Chandra,Cindy Lou Who
Jenda.Taco@yopmail.com,Jenda,Taco
Corly.Slim@yopmail.com,Corly,Slim
Malina.Cotton@yopmail.com,Malina,Cotton
Kathi.Amore@yopmail.com,Kathi,Amore
Meg.Cindy Lou Who@yopmail.com,Meg,Cindy Lou Who
Fayre.Sweet Tea@yopmail.com,Fayre,Sweet Tea
Petronia.Donut@yopmail.com,Petronia,Donut
Marita.String Bean@yopmail.com,Marita,String Bean
Dawn.Bambino@yopmail.com,Dawn,Bambino
Lenna.Frauline@yopmail.com,Lenna,Frauline
Cherrita.Amore@yopmail.com,Cherrita,Amore
Korrie.Foxy Lady@yopmail.com,Korrie,Foxy Lady
Marsiella.Sport@yopmail.com,Marsiella,Sport
Bernie.Bello@yopmail.com,Bernie,Bello
Shel.C-Dawg@yopmail.com,Shel,C-Dawg
Dari.Amore@yopmail.com,Dari,Amore
Cacilie.Fifi@yopmail.com,Cacilie,Fifi
Gratia.Taco@yopmail.com,Gratia,Taco
Teriann.Slim@yopmail.com,Teriann,Slim
Nonnah.Cindy Lou Who@yopmail.com,Nonnah,Cindy Lou Who
Molli.Dolly@yopmail.com,Molli,Dolly
Dennie.C-Dawg@yopmail.com,Dennie,C-Dawg
Berta.Biffle@yopmail.com,Berta,Biffle
Doro.Foxy@yopmail.com,Doro,Foxy
Elise.Gator@yopmail.com,Elise,Gator
Rebeca.C-Dawg@yopmail.com,Rebeca,C-Dawg
Augustine.Doofus@yopmail.com,Augustine,Doofus
Adele.Ash@yopmail.com,Adele,Ash
Kristan.Green Giant@yopmail.com,Kristan,Green Giant
Carol-Jean.Squirt@yopmail.com,Carol-Jean,Squirt
Dale.Colonel@yopmail.com,Dale,Colonel
Alleen.Cold Front@yopmail.com,Alleen,Cold Front
Edee.Lovey@yopmail.com,Edee,Lovey
Marinna.Bebe@yopmail.com,Marinna,Bebe
Babita.Lefty@yopmail.com,Babita,Lefty
Lesly.Dummy@yopmail.com,Lesly,Dummy
Rozele.Amorcita@yopmail.com,Rozele,Amorcita
Aimil.Smoochie@yopmail.com,Aimil,Smoochie
Codie.Buzz@yopmail.com,Codie,Buzz
Andree.Ash@yopmail.com,Andree,Ash
Bibby.Cannoli@yopmail.com,Bibby,Cannoli
Dulcinea.Amigo@yopmail.com,Dulcinea,Amigo
Blake.Lefty@yopmail.com,Blake,Lefty
Kore.Doobie@yopmail.com,Kore,Doobie
Wileen.Sunny@yopmail.com,Wileen,Sunny
Jaime.Loser@yopmail.com,Jaime,Loser
Wanda.Amigo@yopmail.com,Wanda,Amigo
Olwen.Miss Piggy@yopmail.com,Olwen,Miss Piggy
Neila.Fellow@yopmail.com,Neila,Fellow
Ernesta.Ash@yopmail.com,Ernesta,Ash
Bettine.Bubble Butt@yopmail.com,Bettine,Bubble Butt
Zondra.Beauty@yopmail.com,Zondra,Beauty
Ana.Silly Sally@yopmail.com,Ana,Silly Sally
Marsiella.Bello@yopmail.com,Marsiella,Bello
Morganica.Mustache@yopmail.com,Morganica,Mustache
Dorene.Fun Dip@yopmail.com,Dorene,Fun Dip
Tressa.String Bean@yopmail.com,Tressa,String Bean
Kaja.Elf@yopmail.com,Kaja,Elf
Cherilyn.Cookie@yopmail.com,Cherilyn,Cookie
Andeee.Foxy Lady@yopmail.com,Andeee,Foxy Lady
Jemie.Chickie@yopmail.com,Jemie,Chickie
Raquela.Focker@yopmail.com,Raquela,Focker
Asia.Candy@yopmail.com,Asia,Candy
Ebonee.Fun Dip@yopmail.com,Ebonee,Fun Dip
Arlena.Cookie Dough@yopmail.com,Arlena,Cookie Dough
Queenie.Bello@yopmail.com,Queenie,Bello
Monika.Red Velvet@yopmail.com,Monika,Red Velvet
Livvyy.Shrinkwrap@yopmail.com,Livvyy,Shrinkwrap
Rochette.Colonel@yopmail.com,Rochette,Colonel
Lizzie.C-Dawg@yopmail.com,Lizzie,C-Dawg
Lila.Goose@yopmail.com,Lila,Goose
Korrie.Thumper@yopmail.com,Korrie,Thumper
Rosene.Bambino@yopmail.com,Rosene,Bambino
Clarice.Coach@yopmail.com,Clarice,Coach
Olwen.Einstein@yopmail.com,Olwen,Einstein
Rosene.Bossy@yopmail.com,Rosene,Bossy
Diena.Wifey@yopmail.com,Diena,Wifey
Sidoney.Donut@yopmail.com,Sidoney,Donut
Clementine.Bandit@yopmail.com,Clementine,Bandit
Danika.Doofus@yopmail.com,Danika,Doofus
Joceline.Chickie@yopmail.com,Joceline,Chickie
Rhoda.Mini Me@yopmail.com,Rhoda,Mini Me
Brietta.Ticklebutt@yopmail.com,Brietta,Ticklebutt
Gratia.Boomer@yopmail.com,Gratia,Boomer
Annaliese.Sunny@yopmail.com,Annaliese,Sunny
Vonny.Catwoman@yopmail.com,Vonny,Catwoman
Tatiania.Miss Piggy@yopmail.com,Tatiania,Miss Piggy
Louella.Bossy@yopmail.com,Louella,Bossy
Nita.Focker@yopmail.com,Nita,Focker
Mara.Mini Me@yopmail.com,Mara,Mini Me
Lonnie.Dolly@yopmail.com,Lonnie,Dolly
Catharine.Doll@yopmail.com,Catharine,Doll
Tina.Doobie@yopmail.com,Tina,Doobie
Blake.Grease@yopmail.com,Blake,Grease
Ellette.Wifey@yopmail.com,Ellette,Wifey
Hettie.Thumper@yopmail.com,Hettie,Thumper
Selma.Hammer@yopmail.com,Selma,Hammer
Kimberley.Pixie Stick@yopmail.com,Kimberley,Pixie Stick
Bettine.Music Man@yopmail.com,Bettine,Music Man
Carolina.Peep@yopmail.com,Carolina,Peep
Jan.Homer@yopmail.com,Jan,Homer
Brynna.Cheesestick@yopmail.com,Brynna,Cheesestick
Modestia.Midge@yopmail.com,Modestia,Midge
Coral.Hot Sauce@yopmail.com,Coral,Hot Sauce
Bobinette.Catwoman@yopmail.com,Bobinette,Catwoman
Janenna.Rufio@yopmail.com,Janenna,Rufio
Annecorinne.Grease@yopmail.com,Annecorinne,Grease
Robbi.Grease@yopmail.com,Robbi,Grease
Hayley.Lefty@yopmail.com,Hayley,Lefty
Brandise.Doobie@yopmail.com,Brandise,Doobie
Blinni.Amore@yopmail.com,Blinni,Amore
Kellen.Amour@yopmail.com,Kellen,Amour
Hope.Ash@yopmail.com,Hope,Ash
Emilia.Squirt@yopmail.com,Emilia,Squirt
Starla.Lovey@yopmail.com,Starla,Lovey
Maisey.Cindy Lou Who@yopmail.com,Maisey,Cindy Lou Who
Lyssa.Cold Front@yopmail.com,Lyssa,Cold Front
Basia.Amour@yopmail.com,Basia,Amour
Aryn.String Bean@yopmail.com,Aryn,String Bean
Ulrike.Doll@yopmail.com,Ulrike,Doll
Shandie.Cookie@yopmail.com,Shandie,Cookie
Edyth.Donut@yopmail.com,Edyth,Donut
Ira.Foxy@yopmail.com,Ira,Foxy
Trudie.Silly Sally@yopmail.com,Trudie,Silly Sally
Eve.Cookie Dough@yopmail.com,Eve,Cookie Dough
Annice.Green Giant@yopmail.com,Annice,Green Giant
Viviene.Guy@yopmail.com,Viviene,Guy
Emmey.Pretty Lady@yopmail.com,Emmey,Pretty Lady
Collen.Peep@yopmail.com,Collen,Peep
Wilma.Herp Derp@yopmail.com,Wilma,Herp Derp
Teriann.Skipper@yopmail.com,Teriann,Skipper
Lisette.Bandit@yopmail.com,Lisette,Bandit
Dorice.DJ@yopmail.com,Dorice,DJ
Cindelyn.Dragonfly@yopmail.com,Cindelyn,Dragonfly
Ericka.Mountain@yopmail.com,Ericka,Mountain
Allis.Rufio@yopmail.com,Allis,Rufio
Pierette.Pixie Stick@yopmail.com,Pierette,Pixie Stick
Linet.Guy@yopmail.com,Linet,Guy
Kayla.Herp Derp@yopmail.com,Kayla,Herp Derp
Clementine.Midge@yopmail.com,Clementine,Midge
Marleah.Bello@yopmail.com,Marleah,Bello
Annaliese.Amigo@yopmail.com,Annaliese,Amigo
Ilse.Tyke@yopmail.com,Ilse,Tyke
Carmela.Lovey@yopmail.com,Carmela,Lovey
Ann-Marie.Bebe@yopmail.com,Ann-Marie,Bebe
Katuscha.Smoochie@yopmail.com,Katuscha,Smoochie
Hallie.Cold Front@yopmail.com,Hallie,Cold Front
Ermengarde.Music Man@yopmail.com,Ermengarde,Music Man
Valli.Shrinkwrap@yopmail.com,Valli,Shrinkwrap
Aili.Pixie Stick@yopmail.com,Aili,Pixie Stick
Aigneis.Sport@yopmail.com,Aigneis,Sport
Elbertina.Smarty@yopmail.com,Elbertina,Smarty
Alameda.Guy@yopmail.com,Alameda,Guy
Annaliese.Goose@yopmail.com,Annaliese,Goose
Kimmy.Mini Me@yopmail.com,Kimmy,Mini Me
Carol-Jean.Thumper@yopmail.com,Carol-Jean,Thumper
Selia.Bellbottoms@yopmail.com,Selia,Bellbottoms
Ekaterina.Fun Dip@yopmail.com,Ekaterina,Fun Dip
Oona.Sweet Tea@yopmail.com,Oona,Sweet Tea
Eve.Goose@yopmail.com,Eve,Goose
Georgetta.Loser@yopmail.com,Georgetta,Loser
Madalyn.Donut@yopmail.com,Madalyn,Donut
Dacia.Lil Girl@yopmail.com,Dacia,Lil Girl
Kate.Silly Sally@yopmail.com,Kate,Silly Sally
Marcy.Apple@yopmail.com,Marcy,Apple
Alyda.Doofus@yopmail.com,Alyda,Doofus
Kathi.Coach@yopmail.com,Kathi,Coach
Deloria.Mini Me@yopmail.com,Deloria,Mini Me
Lucille.Taco@yopmail.com,Lucille,Taco
Reeba.Lefty@yopmail.com,Reeba,Lefty
Vevay.Buzz@yopmail.com,Vevay,Buzz
Cherrita.Foxy@yopmail.com,Cherrita,Foxy
Tami.Rufio@yopmail.com,Tami,Rufio
Asia.Loser@yopmail.com,Asia,Loser
Rosabelle.Donut@yopmail.com,Rosabelle,Donut
Alameda.Master@yopmail.com,Alameda,Master
Mara.Skipper@yopmail.com,Mara,Skipper
Hildegaard.Sport@yopmail.com,Hildegaard,Sport
Daryl.Peppa Pig@yopmail.com,Daryl,Peppa Pig
Stevana.Biffle@yopmail.com,Stevana,Biffle
Edee.Master@yopmail.com,Edee,Master
Gratia.Doofus@yopmail.com,Gratia,Doofus
Chloris.Rufio@yopmail.com,Chloris,Rufio
Mignon.Butter@yopmail.com,Mignon,Butter
Karena.Hammer@yopmail.com,Karena,Hammer
Shaylyn.Hot Sauce@yopmail.com,Shaylyn,Hot Sauce
Paule.DJ@yopmail.com,Paule,DJ
Mahalia.Bellbottoms@yopmail.com,Mahalia,Bellbottoms
Bill.Ash@yopmail.com,Bill,Ash
Celestyna.Herp Derp@yopmail.com,Celestyna,Herp Derp
Bibby.Grease@yopmail.com,Bibby,Grease
Dode.Fifi@yopmail.com,Dode,Fifi
Phedra.Hammer@yopmail.com,Phedra,Hammer
Nariko.Mountain@yopmail.com,Nariko,Mountain
Kathy.Fifi@yopmail.com,Kathy,Fifi
Dulce.Lefty@yopmail.com,Dulce,Lefty
Edyth.Cheesestick@yopmail.com,Edyth,Cheesestick
Carolina.Baby Carrot@yopmail.com,Carolina,Baby Carrot
Desirae.Shrinkwrap@yopmail.com,Desirae,Shrinkwrap
Karly.Foxy Lady@yopmail.com,Karly,Foxy Lady
Kirbee.Frauline@yopmail.com,Kirbee,Frauline
Sybille.Peppa Pig@yopmail.com,Sybille,Peppa Pig
Paule.Peep@yopmail.com,Paule,Peep
Vevay.Beef@yopmail.com,Vevay,Beef
Blake.Wifey@yopmail.com,Blake,Wifey
Amii.Mustache@yopmail.com,Amii,Mustache
Brooks.Pretty Lady@yopmail.com,Brooks,Pretty Lady
Morganica.Peppa Pig@yopmail.com,Morganica,Peppa Pig
Lolita.Candycane@yopmail.com,Lolita,Candycane
Clo.Taco@yopmail.com,Clo,Taco
Nadine.Fifi@yopmail.com,Nadine,Fifi
Roxane.Coach@yopmail.com,Roxane,Coach
Max.Einstein@yopmail.com,Max,Einstein
Chrystel.Silly Sally@yopmail.com,Chrystel,Silly Sally
Nonnah.Beauty@yopmail.com,Nonnah,Beauty
Taffy.Cheesestick@yopmail.com,Taffy,Cheesestick
Kelly.Doofus@yopmail.com,Kelly,Doofus
Miquela.Foxy@yopmail.com,Miquela,Foxy
Dorthy.Einstein@yopmail.com,Dorthy,Einstein
Madeleine.Catwoman@yopmail.com,Madeleine,Catwoman
Elie.Foxy Lady@yopmail.com,Elie,Foxy Lady
Ira.Gams@yopmail.com,Ira,Gams
Georgetta.Pretty Lady@yopmail.com,Georgetta,Pretty Lady
Sheelagh.Fun Dip@yopmail.com,Sheelagh,Fun Dip
Tilly.Chickie@yopmail.com,Tilly,Chickie
Chickie.Cotton@yopmail.com,Chickie,Cotton
Ginnie.Coach@yopmail.com,Ginnie,Coach
Yetty.Cannoli@yopmail.com,Yetty,Cannoli
Shel.Gator@yopmail.com,Shel,Gator
Brana.Slim@yopmail.com,Brana,Slim
Heida.Beauty@yopmail.com,Heida,Beauty
Gianina.Doofus@yopmail.com,Gianina,Doofus
Zondra.Bandit@yopmail.com,Zondra,Bandit
Celestyna.Mustache@yopmail.com,Celestyna,Mustache
Lila.Gator@yopmail.com,Lila,Gator
Philis.Sport@yopmail.com,Philis,Sport
Sharai.Hot Sauce@yopmail.com,Sharai,Hot Sauce
Brana.Elf@yopmail.com,Brana,Elf
Nonnah.Music Man@yopmail.com,Nonnah,Music Man
Sara-Ann.Doll@yopmail.com,Sara-Ann,Doll
Misha.Buzz@yopmail.com,Misha,Buzz
Linet.Amigo@yopmail.com,Linet,Amigo
Amii.Baby Carrot@yopmail.com,Amii,Baby Carrot
Doralynne.Butter@yopmail.com,Doralynne,Butter
Jobi.String Bean@yopmail.com,Jobi,String Bean
Perry.String Bean@yopmail.com,Perry,String Bean
Sallie.Focker@yopmail.com,Sallie,Focker
Zia.Shrinkwrap@yopmail.com,Zia,Shrinkwrap
Rhoda.Bello@yopmail.com,Rhoda,Bello
Feliza.Rufio@yopmail.com,Feliza,Rufio
Nollie.Ticklebutt@yopmail.com,Nollie,Ticklebutt
Eugine.Mustache@yopmail.com,Eugine,Mustache
Nonnah.Focker@yopmail.com,Nonnah,Focker
Britte.Coach@yopmail.com,Britte,Coach
Laurene.Bubble Butt@yopmail.com,Laurene,Bubble Butt
Rebeca.Beef@yopmail.com,Rebeca,Beef
Gusty.Amour@yopmail.com,Gusty,Amour
Marita.Dragonfly@yopmail.com,Marita,Dragonfly
Lenna.Mustache@yopmail.com,Lenna,Mustache
Marinna.Mountain@yopmail.com,Marinna,Mountain
Georgetta.Peep@yopmail.com,Georgetta,Peep
Celisse.Catwoman@yopmail.com,Celisse,Catwoman
Ronna.Fun Dip@yopmail.com,Ronna,Fun Dip
Dede.Dracula@yopmail.com,Dede,Dracula
Linet.Daffodil@yopmail.com,Linet,Daffodil
Bobinette.Cookie Dough@yopmail.com,Bobinette,Cookie Dough
Amii.Amigo@yopmail.com,Amii,Amigo
Violet.Dragonfly@yopmail.com,Violet,Dragonfly
Krystle.Amour@yopmail.com,Krystle,Amour
Lucy.Fellow@yopmail.com,Lucy,Fellow
Vevay.Cookie@yopmail.com,Vevay,Cookie
Sharai.Cold Front@yopmail.com,Sharai,Cold Front
Keelia.Red Velvet@yopmail.com,Keelia,Red Velvet
Henriette.Dragonfly@yopmail.com,Henriette,Dragonfly
Kara-Lynn.Squirt@yopmail.com,Kara-Lynn,Squirt
Morganica.Chump@yopmail.com,Morganica,Chump
Penelopa.Hot Sauce@yopmail.com,Penelopa,Hot Sauce
Bertine.Smoochie@yopmail.com,Bertine,Smoochie
Clary.Cookie@yopmail.com,Clary,Cookie
Therine.Candy@yopmail.com,Therine,Candy
Florencia.Bello@yopmail.com,Florencia,Bello
Alex.Dots@yopmail.com,Alex,Dots
Jennica.Daffodil@yopmail.com,Jennica,Daffodil
Aeriela.Fun Dip@yopmail.com,Aeriela,Fun Dip
Basia.Taco@yopmail.com,Basia,Taco
Maye.Smarty@yopmail.com,Maye,Smarty
Cecile.Bambi@yopmail.com,Cecile,Bambi
Minne.Grease@yopmail.com,Minne,Grease
Chandra.Bossy@yopmail.com,Chandra,Bossy
Alia.Squirt@yopmail.com,Alia,Squirt
Sonni.Butter@yopmail.com,Sonni,Butter
Moyna.Bandit@yopmail.com,Moyna,Bandit
Penelopa.Dummy@yopmail.com,Penelopa,Dummy
Tybie.Cookie@yopmail.com,Tybie,Cookie
Janeczka.Thumper@yopmail.com,Janeczka,Thumper
Marnia.DJ@yopmail.com,Marnia,DJ
Ninnetta.Squirt@yopmail.com,Ninnetta,Squirt
Talya.Amour@yopmail.com,Talya,Amour
Cristine.Frauline@yopmail.com,Cristine,Frauline
Benita.Bandit@yopmail.com,Benita,Bandit
Ayn.Backbone@yopmail.com,Ayn,Backbone
Starla.Biffle@yopmail.com,Starla,Biffle
Leontine.Bambi@yopmail.com,Leontine,Bambi
Tomasina.Mountain@yopmail.com,Tomasina,Mountain
Judy.Gator@yopmail.com,Judy,Gator
Cacilie.Coach@yopmail.com,Cacilie,Coach
Lisette.Backbone@yopmail.com,Lisette,Backbone
Coral.Lil Girl@yopmail.com,Coral,Lil Girl
Romona.Amigo@yopmail.com,Romona,Amigo
Christy.Rufio@yopmail.com,Christy,Rufio
Genevra.Butter@yopmail.com,Genevra,Butter
Marita.Amigo@yopmail.com,Marita,Amigo
Lesly.Miss Piggy@yopmail.com,Lesly,Miss Piggy
Drucie.Candy@yopmail.com,Drucie,Candy
Grier.Lefty@yopmail.com,Grier,Lefty
Dode.Cookie Dough@yopmail.com,Dode,Cookie Dough
Felice.Candy@yopmail.com,Felice,Candy
Maisey.Rufio@yopmail.com,Maisey,Rufio
Sabina.Bandit@yopmail.com,Sabina,Bandit
Carilyn.Cookie@yopmail.com,Carilyn,Cookie
Devina.Bello@yopmail.com,Devina,Bello
Ebonee.Tough Guy@yopmail.com,Ebonee,Tough Guy
Claresta.Daffodil@yopmail.com,Claresta,Daffodil
Karlee.Bello@yopmail.com,Karlee,Bello
Berta.Guy@yopmail.com,Berta,Guy
Beverley.Bello@yopmail.com,Beverley,Bello
Shirlee.Frauline@yopmail.com,Shirlee,Frauline
Rivalee.Fifi@yopmail.com,Rivalee,Fifi
Babita.Butter@yopmail.com,Babita,Butter
Roberta.Dummy@yopmail.com,Roberta,Dummy
Vinita.Cupcake@yopmail.com,Vinita,Cupcake
Patricia.Cheesestick@yopmail.com,Patricia,Cheesestick
Ilse.Kit-Kat@yopmail.com,Ilse,Kit-Kat
Philis.Cookie Dough@yopmail.com,Philis,Cookie Dough
Asia.Cookie@yopmail.com,Asia,Cookie
Morganica.Fellow@yopmail.com,Morganica,Fellow
Mamie.DJ@yopmail.com,Mamie,DJ
Theodora.Homer@yopmail.com,Theodora,Homer
Basia.Daffodil@yopmail.com,Basia,Daffodil
Carly.Herp Derp@yopmail.com,Carly,Herp Derp
Jackie.Cupcake@yopmail.com,Jackie,Cupcake
Sara-Ann.Peep@yopmail.com,Sara-Ann,Peep
Raquela.Mustache@yopmail.com,Raquela,Mustache
Janis.Wifey@yopmail.com,Janis,Wifey
Jolyn.Butter@yopmail.com,Jolyn,Butter
Elfreda.Amigo@yopmail.com,Elfreda,Amigo
Correy.Colonel@yopmail.com,Correy,Colonel
Charissa.Hammer@yopmail.com,Charissa,Hammer
Kimmy.Chain@yopmail.com,Kimmy,Chain
Phedra.Bandit@yopmail.com,Phedra,Bandit
Nataline.Bambi@yopmail.com,Nataline,Bambi
Mary.Cheesestick@yopmail.com,Mary,Cheesestick
Tiffie.Music Man@yopmail.com,Tiffie,Music Man
Trixi.Coach@yopmail.com,Trixi,Coach
Celene.Peep@yopmail.com,Celene,Peep
Alameda.Fifi@yopmail.com,Alameda,Fifi
Keelia.Skipper@yopmail.com,Keelia,Skipper
Emilia.Pixie Stick@yopmail.com,Emilia,Pixie Stick
Marcy.Amour@yopmail.com,Marcy,Amour
Sidoney.Thumper@yopmail.com,Sidoney,Thumper
Gerrie.Chain@yopmail.com,Gerrie,Chain
Ann-Marie.Mouse@yopmail.com,Ann-Marie,Mouse
Cassondra.Mini Me@yopmail.com,Cassondra,Mini Me
Carmela.Gator@yopmail.com,Carmela,Gator
Nataline.Cannoli@yopmail.com,Nataline,Cannoli
Joleen.DJ@yopmail.com,Joleen,DJ
Aryn.Grease@yopmail.com,Aryn,Grease
Aryn.Marge@yopmail.com,Aryn,Marge
Gerrie.Music Man@yopmail.com,Gerrie,Music Man
Belinda.Hammer@yopmail.com,Belinda,Hammer
Katuscha.Elf@yopmail.com,Katuscha,Elf
Brietta.Dolly@yopmail.com,Brietta,Dolly
Fawne.DJ@yopmail.com,Fawne,DJ
Mariann.Colonel@yopmail.com,Mariann,Colonel
Kristan.Candy@yopmail.com,Kristan,Candy
Valera.Green Giant@yopmail.com,Valera,Green Giant
Gianina.Midge@yopmail.com,Gianina,Midge
Raina.Fellow@yopmail.com,Raina,Fellow
Calla.Cold Front@yopmail.com,Calla,Cold Front
Karina.Smarty@yopmail.com,Karina,Smarty
Gilda.Cupcake@yopmail.com,Gilda,Cupcake
Giustina.Apple@yopmail.com,Giustina,Apple
Phedra.Mustache@yopmail.com,Phedra,Mustache
Fred.Candycane@yopmail.com,Fred,Candycane
Roslyn.Gams@yopmail.com,Roslyn,Gams
Dacia.Catwoman@yopmail.com,Dacia,Catwoman
Andree.Candycane@yopmail.com,Andree,Candycane
Yetty.Dummy@yopmail.com,Yetty,Dummy
Melisent.Bello@yopmail.com,Melisent,Bello
Jolyn.Marge@yopmail.com,Jolyn,Marge
Grier.Focker@yopmail.com,Grier,Focker
Micheline.Slim@yopmail.com,Micheline,Slim
Phylis.Candy@yopmail.com,Phylis,Candy
Kimmy.Homer@yopmail.com,Kimmy,Homer
Britte.Candycane@yopmail.com,Britte,Candycane
Leanna.Cheesestick@yopmail.com,Leanna,Cheesestick
Lila.Backbone@yopmail.com,Lila,Backbone
Danika.Mountain@yopmail.com,Danika,Mountain
Hildegaard.Frauline@yopmail.com,Hildegaard,Frauline
Sophia.Wifey@yopmail.com,Sophia,Wifey
Kristina.Amore@yopmail.com,Kristina,Amore
Mellicent.Fifi@yopmail.com,Mellicent,Fifi
Lonnie.Candycane@yopmail.com,Lonnie,Candycane
Cassandra.Catwoman@yopmail.com,Cassandra,Catwoman
Karly.Lil Girl@yopmail.com,Karly,Lil Girl
Caryl.Frauline@yopmail.com,Caryl,Frauline
Frances.Dragonfly@yopmail.com,Frances,Dragonfly
Alia.Doc@yopmail.com,Alia,Doc
Evita.Backbone@yopmail.com,Evita,Backbone
Juliane.Daffodil@yopmail.com,Juliane,Daffodil
Lisette.String Bean@yopmail.com,Lisette,String Bean
Abbie.Ash@yopmail.com,Abbie,Ash
Elmira.Dracula@yopmail.com,Elmira,Dracula
Jacenta.Coach@yopmail.com,Jacenta,Coach
Nelle.Taco@yopmail.com,Nelle,Taco
Bobinette.Chump@yopmail.com,Bobinette,Chump
Ann-Marie.Kit-Kat@yopmail.com,Ann-Marie,Kit-Kat
Orelia.Pixie Stick@yopmail.com,Orelia,Pixie Stick
Steffane.Cumulus@yopmail.com,Steffane,Cumulus
Josephine.Cotton@yopmail.com,Josephine,Cotton
Layla.Pixie Stick@yopmail.com,Layla,Pixie Stick
Hallie.Wifey@yopmail.com,Hallie,Wifey
Jessamyn.Bandit@yopmail.com,Jessamyn,Bandit
Lynnea.Gator@yopmail.com,Lynnea,Gator
Fina.Peep@yopmail.com,Fina,Peep
Elka.Dolly@yopmail.com,Elka,Dolly
Maridel.Wifey@yopmail.com,Maridel,Wifey
Merrie.Mini Me@yopmail.com,Merrie,Mini Me
Vanessa.Colonel@yopmail.com,Vanessa,Colonel
Ofilia.Sunny@yopmail.com,Ofilia,Sunny
Asia.Thumper@yopmail.com,Asia,Thumper
Darci.Dolly@yopmail.com,Darci,Dolly
Collen.Kit-Kat@yopmail.com,Collen,Kit-Kat
Brianna.Frauline@yopmail.com,Brianna,Frauline
Marline.DJ@yopmail.com,Marline,DJ
Daryl.Pretty Lady@yopmail.com,Daryl,Pretty Lady
Aigneis.Lovey@yopmail.com,Aigneis,Lovey
Lenna.Dolly@yopmail.com,Lenna,Dolly
Daune.Cumulus@yopmail.com,Daune,Cumulus
Philis.Mouse@yopmail.com,Philis,Mouse
Nicoli.Peppa Pig@yopmail.com,Nicoli,Peppa Pig
Arabel.Amigo@yopmail.com,Arabel,Amigo
Elvira.String Bean@yopmail.com,Elvira,String Bean
Collen.Ticklebutt@yopmail.com,Collen,Ticklebutt
Britte.Focker@yopmail.com,Britte,Focker
Stephanie.Boomer@yopmail.com,Stephanie,Boomer
Noelle.Squirt@yopmail.com,Noelle,Squirt
Cathie.Colonel@yopmail.com,Cathie,Colonel
Sibella.Elf@yopmail.com,Sibella,Elf
Desirae.Guy@yopmail.com,Desirae,Guy
Marguerite.Donut@yopmail.com,Marguerite,Donut
Cherrita.Sunny@yopmail.com,Cherrita,Sunny
Kalina.Gator@yopmail.com,Kalina,Gator
Cathie.Bubble Butt@yopmail.com,Cathie,Bubble Butt
Amii.Mini Me@yopmail.com,Amii,Mini Me
Petronia.Rufio@yopmail.com,Petronia,Rufio
Kristan.Mountain@yopmail.com,Kristan,Mountain
Adelle.Backbone@yopmail.com,Adelle,Backbone
Vanessa.Bambi@yopmail.com,Vanessa,Bambi
Catharine.Goose@yopmail.com,Catharine,Goose
Blinni.Cannoli@yopmail.com,Blinni,Cannoli
Dolli.Drake@yopmail.com,Dolli,Drake
Jennica.DJ@yopmail.com,Jennica,DJ
Lita.Cotton@yopmail.com,Lita,Cotton
Barbara.Loser@yopmail.com,Barbara,Loser
Miquela.Sport@yopmail.com,Miquela,Sport
Rhea.Cupcake@yopmail.com,Rhea,Cupcake
Orsola.Pixie Stick@yopmail.com,Orsola,Pixie Stick
Selma.Dracula@yopmail.com,Selma,Dracula
Jerry.Bebe@yopmail.com,Jerry,Bebe
Josephine.DJ@yopmail.com,Josephine,DJ
Tiffie.Buzz@yopmail.com,Tiffie,Buzz
Bobbi.Pixie Stick@yopmail.com,Bobbi,Pixie Stick
Andeee.Taco@yopmail.com,Andeee,Taco
Melanie.Sunny@yopmail.com,Melanie,Sunny
Rani.Buzz@yopmail.com,Rani,Buzz
Leia.C-Dawg@yopmail.com,Leia,C-Dawg
Aeriela.Cumulus@yopmail.com,Aeriela,Cumulus
Madeleine.Boomer@yopmail.com,Madeleine,Boomer
Tina.Amorcita@yopmail.com,Tina,Amorcita
Therine.Biffle@yopmail.com,Therine,Biffle
Lucille.Amore@yopmail.com,Lucille,Amore
Emma.Green Giant@yopmail.com,Emma,Green Giant
Gisela.Peep@yopmail.com,Gisela,Peep
Queenie.Apple@yopmail.com,Queenie,Apple
Joceline.Cindy Lou Who@yopmail.com,Joceline,Cindy Lou Who
Elka.Cindy Lou Who@yopmail.com,Elka,Cindy Lou Who
Roslyn.Homer@yopmail.com,Roslyn,Homer
Zaria.Drake@yopmail.com,Zaria,Drake
Jean.Dummy@yopmail.com,Jean,Dummy
Vanessa.Lil Girl@yopmail.com,Vanessa,Lil Girl
Jacquetta.Pixie Stick@yopmail.com,Jacquetta,Pixie Stick
Clo.Coach@yopmail.com,Clo,Coach
Lesly.Loser@yopmail.com,Lesly,Loser
Donetta.Pixie Stick@yopmail.com,Donetta,Pixie Stick
Marleah.Cookie@yopmail.com,Marleah,Cookie
Clarice.Gams@yopmail.com,Clarice,Gams
Codie.Mustache@yopmail.com,Codie,Mustache
Trixi.Fun Dip@yopmail.com,Trixi,Fun Dip
Nananne.Grease@yopmail.com,Nananne,Grease
Janeczka.Bubble Butt@yopmail.com,Janeczka,Bubble Butt
Charissa.Bambi@yopmail.com,Charissa,Bambi
Augustine.Mouse@yopmail.com,Augustine,Mouse
Lynea.Guy@yopmail.com,Lynea,Guy
Marline.Thumper@yopmail.com,Marline,Thumper
Ezmeralda.Green Giant@yopmail.com,Ezmeralda,Green Giant
Rozele.Midge@yopmail.com,Rozele,Midge
Morganica.Elf@yopmail.com,Morganica,Elf
Dawn.Music Man@yopmail.com,Dawn,Music Man
Halette.Ash@yopmail.com,Halette,Ash
Rosene.Fellow@yopmail.com,Rosene,Fellow
Fanny.Peep@yopmail.com,Fanny,Peep
Gretal.Gams@yopmail.com,Gretal,Gams
Ursulina.Sweet Tea@yopmail.com,Ursulina,Sweet Tea
Flory.Daffodil@yopmail.com,Flory,Daffodil
Giustina.Loser@yopmail.com,Giustina,Loser
Frieda.Beef@yopmail.com,Frieda,Beef
Marcelline.Bellbottoms@yopmail.com,Marcelline,Bellbottoms
Tatiania.Master@yopmail.com,Tatiania,Master
Anestassia.Dracula@yopmail.com,Anestassia,Dracula
Corene.Einstein@yopmail.com,Corene,Einstein
Madelle.Amore@yopmail.com,Madelle,Amore
Sibella.Smoochie@yopmail.com,Sibella,Smoochie
Janey.Smarty@yopmail.com,Janey,Smarty
Kary.Thumper@yopmail.com,Kary,Thumper
Annabela.Dummy@yopmail.com,Annabela,Dummy
Vonny.Midge@yopmail.com,Vonny,Midge
Dione.Cannoli@yopmail.com,Dione,Cannoli
Ruthe.Amorcita@yopmail.com,Ruthe,Amorcita
Etta.Grease@yopmail.com,Etta,Grease
Mallory.Beauty@yopmail.com,Mallory,Beauty
Maud.Peep@yopmail.com,Maud,Peep
Addia.Pixie Stick@yopmail.com,Addia,Pixie Stick
Kalina.Sunny@yopmail.com,Kalina,Sunny
Agnese.Bellbottoms@yopmail.com,Agnese,Bellbottoms
Elyssa.Cookie Dough@yopmail.com,Elyssa,Cookie Dough
Gale.Miss Piggy@yopmail.com,Gale,Miss Piggy
Roslyn.Herp Derp@yopmail.com,Roslyn,Herp Derp
Marnia.Ash@yopmail.com,Marnia,Ash
Nananne.Midge@yopmail.com,Nananne,Midge
Sherrie.Slim@yopmail.com,Sherrie,Slim
Odessa.Green Giant@yopmail.com,Odessa,Green Giant
Berget.Dots@yopmail.com,Berget,Dots
Bobbi.Dragonfly@yopmail.com,Bobbi,Dragonfly
Meriel.Doc@yopmail.com,Meriel,Doc
Andeee.Beauty@yopmail.com,Andeee,Beauty
Mignon.Hammer@yopmail.com,Mignon,Hammer
Coral.Dragonfly@yopmail.com,Coral,Dragonfly
Jorry.Goose@yopmail.com,Jorry,Goose
Heida.Lefty@yopmail.com,Heida,Lefty
Fidelia.Shrinkwrap@yopmail.com,Fidelia,Shrinkwrap
Talya.Colonel@yopmail.com,Talya,Colonel
Candy.Cookie@yopmail.com,Candy,Cookie
Kaia.Biffle@yopmail.com,Kaia,Biffle
Tera.Master@yopmail.com,Tera,Master
Lizzie.Hot Pepper@yopmail.com,Lizzie,Hot Pepper
Randa.Miss Piggy@yopmail.com,Randa,Miss Piggy
Rori.Homer@yopmail.com,Rori,Homer
Adele.DJ@yopmail.com,Adele,DJ
Perry.Sport@yopmail.com,Perry,Sport
Quintina.Einstein@yopmail.com,Quintina,Einstein
Annaliese.Candy@yopmail.com,Annaliese,Candy
Nessie.Bello@yopmail.com,Nessie,Bello
Pollyanna.Backbone@yopmail.com,Pollyanna,Backbone
Jinny.Focker@yopmail.com,Jinny,Focker
Lonnie.Candy@yopmail.com,Lonnie,Candy
Elka.String Bean@yopmail.com,Elka,String Bean
Ingrid.Einstein@yopmail.com,Ingrid,Einstein
Rosanne.Hot Sauce@yopmail.com,Rosanne,Hot Sauce
Millie.Cindy Lou Who@yopmail.com,Millie,Cindy Lou Who
Therine.Kit-Kat@yopmail.com,Therine,Kit-Kat
Cyndie.Dolly@yopmail.com,Cyndie,Dolly
Tiffie.Coach@yopmail.com,Tiffie,Coach
Gilda.Doofus@yopmail.com,Gilda,Doofus
Magdalena.Amour@yopmail.com,Magdalena,Amour
Felice.Sunny@yopmail.com,Felice,Sunny
Clementine.Grease@yopmail.com,Clementine,Grease
Elsie.Skipper@yopmail.com,Elsie,Skipper
Caryl.Dragonfly@yopmail.com,Caryl,Dragonfly
Barbi.Shrinkwrap@yopmail.com,Barbi,Shrinkwrap
Tilly.Bambi@yopmail.com,Tilly,Bambi
Eolanda.Loser@yopmail.com,Eolanda,Loser
Shirlee.Rufio@yopmail.com,Shirlee,Rufio
Christal.Lovey@yopmail.com,Christal,Lovey
Berget.Amorcita@yopmail.com,Berget,Amorcita
Romona.Cookie Dough@yopmail.com,Romona,Cookie Dough
Dania.Fifi@yopmail.com,Dania,Fifi
Jsandye.Rufio@yopmail.com,Jsandye,Rufio
Ana.Amigo@yopmail.com,Ana,Amigo
Nicoli.Dots@yopmail.com,Nicoli,Dots
Grier.Slim@yopmail.com,Grier,Slim
Carly.Doll@yopmail.com,Carly,Doll
Desirae.Backbone@yopmail.com,Desirae,Backbone
Ebonee.Buzz@yopmail.com,Ebonee,Buzz
Frank.Homer@yopmail.com,Frank,Homer
Kara-Lynn.Amour@yopmail.com,Kara-Lynn,Amour
Kittie.Herp Derp@yopmail.com,Kittie,Herp Derp
Althea.DJ@yopmail.com,Althea,DJ
Zaria.Amigo@yopmail.com,Zaria,Amigo
Nariko.Foxy@yopmail.com,Nariko,Foxy
Carmencita.Dolly@yopmail.com,Carmencita,Dolly
Adelle.Bello@yopmail.com,Adelle,Bello
Florencia.Master@yopmail.com,Florencia,Master
Cecile.Amore@yopmail.com,Cecile,Amore
Heida.Backbone@yopmail.com,Heida,Backbone
Hollie.Bambi@yopmail.com,Hollie,Bambi
Mariann.Miss Piggy@yopmail.com,Mariann,Miss Piggy
Olwen.Cupcake@yopmail.com,Olwen,Cupcake
Leontine.Doc@yopmail.com,Leontine,Doc
Averyl.Tyke@yopmail.com,Averyl,Tyke
Nonnah.Foxy@yopmail.com,Nonnah,Foxy
Ermengarde.DJ@yopmail.com,Ermengarde,DJ
Bernie.Cumulus@yopmail.com,Bernie,Cumulus
Kimmy.Coach@yopmail.com,Kimmy,Coach
Sara-Ann.Candy@yopmail.com,Sara-Ann,Candy
Andeee.Catwoman@yopmail.com,Andeee,Catwoman
Magdalena.Kit-Kat@yopmail.com,Magdalena,Kit-Kat
Tabbatha.Bubbles@yopmail.com,Tabbatha,Bubbles
Gilligan.Dummy@yopmail.com,Gilligan,Dummy
Jessamyn.Cindy Lou Who@yopmail.com,Jessamyn,Cindy Lou Who
Fanchon.Chain@yopmail.com,Fanchon,Chain
Sandie.Red Velvet@yopmail.com,Sandie,Red Velvet
Oona.Midge@yopmail.com,Oona,Midge
Gretal.Master@yopmail.com,Gretal,Master
Leanna.Cupcake@yopmail.com,Leanna,Cupcake
Delilah.Dummy@yopmail.com,Delilah,Dummy
Imojean.Bambino@yopmail.com,Imojean,Bambino
Kenna.Bambi@yopmail.com,Kenna,Bambi
Laure.Donut@yopmail.com,Laure,Donut
Gertrud.Frauline@yopmail.com,Gertrud,Frauline
Sam.Amigo@yopmail.com,Sam,Amigo
Ketti.Daffodil@yopmail.com,Ketti,Daffodil
Olwen.Butter@yopmail.com,Olwen,Butter
Merry.Cindy Lou Who@yopmail.com,Merry,Cindy Lou Who
Marleah.Catwoman@yopmail.com,Marleah,Catwoman
Steffane.Drake@yopmail.com,Steffane,Drake
Noelle.C-Dawg@yopmail.com,Noelle,C-Dawg
Dagmar.Beauty@yopmail.com,Dagmar,Beauty
Wendi.Bello@yopmail.com,Wendi,Bello
Valli.Beauty@yopmail.com,Valli,Beauty
Ariela.Tyke@yopmail.com,Ariela,Tyke
Adele.Lil Girl@yopmail.com,Adele,Lil Girl
Sonni.Baby Carrot@yopmail.com,Sonni,Baby Carrot
Molli.Bebe@yopmail.com,Molli,Bebe
Yvonne.Marge@yopmail.com,Yvonne,Marge
Sheree.Foxy Lady@yopmail.com,Sheree,Foxy Lady
Daphne.Donut@yopmail.com,Daphne,Donut
Donetta.Dragonfly@yopmail.com,Donetta,Dragonfly
Ida.Cindy Lou Who@yopmail.com,Ida,Cindy Lou Who
Brena.Mouse@yopmail.com,Brena,Mouse
Ulrike.Bambi@yopmail.com,Ulrike,Bambi
Trixi.Bebe@yopmail.com,Trixi,Bebe
Madalyn.Fun Dip@yopmail.com,Madalyn,Fun Dip
